City_ID,City,Country,Max Temp,Current Description,Lat,Lng,Hotel Name
0,Cape Town,ZA,66.88,broken clouds,-33.9258,18.4232,"Radisson Blu Hotel Waterfront, Cape Town"
1,Mataura,NZ,74.48,clear sky,-46.1927,168.8643,Ellie's Villa
2,Kapaa,US,78.78,clear sky,22.0752,-159.319,Sheraton Kauai Coconut Beach Resort
3,Jalu,LY,58.71,broken clouds,29.0331,21.5482,ÿµÿßÿ≠ÿ®ÿ© ÿßŸÑŸÅÿÆÿßŸÖÿ©
4,Port Alfred,ZA,65.12,clear sky,-33.5906,26.891,The Halyards Hotel
5,Ukiah,US,55.02,clear sky,39.1502,-123.2078,Hampton Inn Ukiah
6,Omboue,GA,77.59,light rain,-1.5746,9.2618,Hotel Olako
7,Puteyets,RU,24.94,overcast clouds,65.1716,57.091,"Sot ""Agrarnik"""
8,Daru,PG,80.35,overcast clouds,-9.0763,143.2092,Daru Lodge
9,Sao Filipe,CV,70.95,overcast clouds,14.8961,-24.4956,Hotel Xaguate
10,Natal,BR,80.82,few clouds,-5.795,-35.2094,Villa Park Hotel | Natal
11,Obera,AR,66.85,overcast clouds,-27.4871,-55.1199,CABA√ëAS DORALIA
13,New Norfolk,AU,60.75,broken clouds,-42.7826,147.0587,The Shingles Riverside Cottages
15,Hermanus,ZA,65.89,broken clouds,-34.4187,19.2345,Misty Waves Boutique Hotel
16,Rawson,AR,55.81,overcast clouds,-43.3002,-65.1023,Hosteria Sampedro
17,Jardim,BR,79.41,scattered clouds,-21.4803,-56.1381,Estancia Hotel - Jardim MS
18,Poum,NC,82.63,few clouds,-20.2333,164.0167,
19,Ribeira Grande,PT,56.71,scattered clouds,38.5167,-28.7,Quinta da Meia Eira
20,Jamestown,US,42.51,clear sky,42.097,-79.2353,Hampton Inn & Suites Jamestown
21,Carnarvon,AU,89.67,broken clouds,-24.8667,113.6333,Hospitality Carnarvon
22,Leiyang,CN,34.32,snow,26.4024,112.8591,Dongyang Hotel
23,Aswan,EG,52.9,clear sky,24.0934,32.907,Nuba Nile
24,Mporokoso,ZM,60.82,light rain,-9.3727,30.125,Government Guest House
26,Castro,BR,63.25,clear sky,-24.7911,-50.0119,CHACARA BAILLY
28,Bichura,RU,5.85,overcast clouds,50.5881,107.6022,Gostinitsa Uyut
29,Jiuquan,CN,25.39,clear sky,39.7432,98.5174,Jiuquan Hotel
30,Nikolskoye,RU,30.79,overcast clouds,59.7035,30.7861,Tourist House - Sablino
31,Saint-Pierre,RE,85.68,overcast clouds,-21.3393,55.4781,Lindsey H√¥tel
32,Hanmer Springs,NZ,75.94,clear sky,-42.5167,172.8167,The Chalets Motel
33,Mahebourg,MU,81.25,broken clouds,-20.4081,57.7,Shandrani Beachcomber Resort & Spa
34,Lafiagi,NG,78.3,overcast clouds,8.8667,5.4167,Bus group international
35,Peterborough,GB,40.24,few clouds,52.5736,-0.2478,Park Inn by Radisson Peterborough Hotel
36,Bluff,NZ,74.8,clear sky,-46.6,168.3333,Bluff Homestead - Guesthouse & Campervan Park
37,Busselton,AU,79.05,clear sky,-33.65,115.3333,Observatory Guest House
38,Pukhrayan,IN,54.84,clear sky,26.2333,79.85,Raj Guest House And Restaurant.
39,Georgetown,MY,85.93,few clouds,5.4112,100.3354,Cititel Penang
41,Kodiak,US,44.11,clear sky,57.79,-152.4072,Best Western Kodiak Inn And Convention Center
42,Linxia,CN,19.56,overcast clouds,35.6003,103.2064,GreenTree Inn Linxia Autonomous Prefecture Linxia Oxford River Avenue Express Hotel
43,Puerto Ayora,EC,77.56,scattered clouds,-0.7393,-90.3518,Finch Bay Galapagos Hotel
44,Hobart,AU,61.11,broken clouds,-42.8794,147.3294,St Ives Hobart Accommodation Tasmania
45,Beloha,MG,69.04,clear sky,-25.1667,45.05,
46,Ilhabela,BR,75.11,broken clouds,-23.7781,-45.3581,Ilha Flat Hotel
47,Ikire,NG,74.12,broken clouds,7.35,4.1833,"Albirr Charity Foundation, Islamiyyah, Ikire"
48,Ugoofaaru,MV,81.61,scattered clouds,5.6667,73.0,Ungoofaaru Inn
49,Piacabucu,BR,79.77,scattered clouds,-10.4056,-36.4344,Pia√ßabu√ßu News
50,Nanortalik,GL,9.75,overcast clouds,60.1432,-45.2371,Hotel Kap Farvel
51,Ushuaia,AR,46.06,scattered clouds,-54.8,-68.3,Albatross Hotel
52,Vaini,TO,87.96,scattered clouds,-21.2,-175.2,Keleti Beach Resort
53,Mehamn,NO,22.55,overcast clouds,71.0357,27.8492,Mehamn Arctic Hotel AS
54,Punta Arenas,CL,51.12,clear sky,-53.15,-70.9167,Hotel Hain
55,Port Elizabeth,ZA,62.89,clear sky,-33.918,25.5701,39 On Nile Guest House
56,Rikitea,PF,74.03,moderate rain,-23.1203,-134.9692,People ThankYou
57,Nome,US,17.67,snow,64.5011,-165.4064,Dredge 7 Inn
58,Khatanga,RU,19.78,light snow,71.9667,102.5,"""Khatanga"""
59,Qandala,SO,73.36,overcast clouds,11.472,49.8728,
60,Kahului,US,79.86,moderate rain,20.8947,-156.47,Maui Seaside Hotel
61,Sechura,PE,72.54,overcast clouds,-5.5569,-80.8222,Hospedaje Costa Bella
62,Tazovskiy,RU,16.39,light snow,67.4667,78.7,TazHostel
63,Dudinka,RU,18.63,overcast clouds,69.4058,86.1778,Hotel Viktoria
64,Villa Carlos Paz,AR,70.39,clear sky,-31.4241,-64.4978,Monte Carlo vcp
65,Abu Kamal,SY,51.55,scattered clouds,34.4506,40.9171,ŸÖÿ≠ÿ∑ÿ© ÿßŸÑÿ™ŸÑŸÅÿßÿ≤
66,Saint-Philippe,RE,85.59,moderate rain,-21.3585,55.7679,"Chambres d'h√¥te ""La Trinit√©"""
67,Roald,NO,35.1,light rain,62.5833,6.1333,Flem Cabins
68,Baiyin,CN,25.68,overcast clouds,36.5583,104.2081,GreenTree Alliance Gansu Baiyin Renmin Road Hotel
69,Avarua,CK,82.45,broken clouds,-21.2078,-159.775,Paradise Inn
70,Salalah,OM,69.89,scattered clouds,17.0151,54.0924,"HAMDAN PLAZA HOTEL SALALAH, an HTG Hotel"
71,Narsaq,GL,1.62,overcast clouds,60.9167,-46.05,Sleep In Narsaq
72,Bethel,US,34.16,clear sky,41.3712,-73.414,Courtyard by Marriott Danbury
73,Granville,AU,89.73,broken clouds,-33.8333,151.0167,Mercure Sydney Parramatta
74,Petropavlovsk-Kamchatskiy,RU,25.39,broken clouds,53.0452,158.6483,The Hotel Petropavlovsky
75,Gouyave,GD,77.77,few clouds,12.1646,-61.7296,Rumboat Retreat
76,Marsh Harbour,BS,71.51,overcast clouds,26.5412,-77.0636,Abaco Beach Resort
77,Phan Thiet,VN,82.98,scattered clouds,10.9333,108.1,Hotel Saigon-PT
78,Portland,US,45.18,broken clouds,45.5234,-122.6762,Embassy Suites by Hilton Portland Downtown
80,Santo Antonio Do Leverger,BR,77.38,overcast clouds,-15.8656,-56.0767,Ch√°cara Do SINETRAN
81,Ambulu,ID,80.64,light rain,-8.345,113.6058,Hotel Ambulu Jember
82,Killam,CA,0.99,overcast clouds,52.7834,-111.8518,Wagon Wheel Motel
83,Santa Lucia,ES,52.77,scattered clouds,27.9117,-15.5407,Las Tirajanas
84,Sinnamary,GF,76.33,overcast clouds,5.3833,-52.95,ALETHEIA Appartement Sinnamary
85,Atuona,PF,78.28,clear sky,-9.8,-139.0333,Villa Enata
86,Bubaque,GW,76.77,clear sky,11.2833,-15.8333,"Casa Dora, Bubaque"
87,Coquimbo,CL,62.33,clear sky,-29.9533,-71.3436,Hotel San Juan
88,Vila Velha,BR,78.75,broken clouds,-20.3297,-40.2925,Hotel Vit√≥ria Palace
89,Oussouye,SN,72.25,scattered clouds,12.485,-16.5469,Auberge du Routard
90,Albany,US,32.81,clear sky,42.6001,-73.9662,
91,Mount Gambier,AU,65.37,broken clouds,-37.8333,140.7667,The Commodore
92,Vilyuysk,RU,8.11,light snow,63.7553,121.6247,Gostinitsa Viliuisk
93,Esperance,AU,68.76,scattered clouds,-33.8667,121.9,Hospitality Esperance
94,Bengkulu,ID,80.55,overcast clouds,-3.8004,102.2655,Grage Hotel Bengkulu
95,Energetik,RU,30.85,overcast clouds,51.7445,58.7934,Zhemchuzhina
96,Arraial Do Cabo,BR,76.5,overcast clouds,-22.9661,-42.0278,Pousada Porto Praia
97,Krasnoarmeysk,RU,25.77,overcast clouds,51.0239,45.6969,"Hotel ""Your home-Balzer"""
98,Erzin,TR,56.12,overcast clouds,36.9559,36.2,Artemis Otel
99,Vidosi,BA,40.51,scattered clouds,43.7714,17.0283,Hotel Bacchus Livno
100,Madang,PG,86.9,overcast clouds,-5.2246,145.7966,Comfort Inn Hotel
101,Mnogovershinnyy,RU,3.58,broken clouds,53.9353,139.9242,Obshchezhitiye 14
102,Benjamin Aceval,PY,75.6,overcast clouds,-24.9667,-57.5667,Escuela Agr√≠cola y Hotel Cerrito
103,Hamilton,US,50.63,clear sky,39.1834,-84.5333,Six Acres Bed & Breakfast
104,Puerto Berrio,CO,74.91,broken clouds,6.4916,-74.4033,Hotel Central
105,Kawalu,ID,79.38,overcast clouds,-7.3817,108.2082,West Jontor
106,Matara,LK,77.94,clear sky,5.9485,80.5353,Amaloh Boutique Resort
108,Tasiilaq,GL,23.16,overcast clouds,65.6145,-37.6368,The Red House
110,San Patricio,US,67.53,overcast clouds,28.017,-97.5169,"Motel 6 Sinton, TX"
112,Suntar,RU,9.99,light snow,62.1444,117.6319,–ì–æ—Å—Ç–µ–≤–∞—è –∫–≤–∞—Ä—Ç–∏—Ä–∞
113,Torbay,CA,25.75,broken clouds,47.6666,-52.7314,Gallows Cove
114,Ahipara,NZ,75.7,few clouds,-35.1667,173.1667,Ahipara Holiday Park
115,Along,IN,51.42,overcast clouds,28.1667,94.7667,Hotel West
117,Katsuura,JP,42.91,few clouds,35.1333,140.3,Katsuura Hotel Mikazuki
118,Bonthe,SL,76.17,clear sky,7.5264,-12.505,Bonthe Holiday Village
120,Manaure,CO,76.73,clear sky,11.7751,-72.4445,Hotel Palaaima
121,Donegal,IE,42.66,overcast clouds,54.65,-8.1167,The Central Hotel Donegal
122,Brewster,US,34.39,clear sky,41.3973,-73.6171,Heidi's Inn
123,Port Hardy,CA,39.76,light intensity shower rain,50.6996,-127.4199,Airport Inn-Port Hardy
124,Kununurra,AU,93.18,broken clouds,-15.7667,128.7333,Hotel Kununurra
125,Namatanai,PG,86.61,light rain,-3.6667,152.4333,Seagulls Inn Namatani
128,Bredasdorp,ZA,65.52,overcast clouds,-34.5322,20.0403,Bredasdorp Country Manor
129,Pacific Grove,US,55.56,overcast clouds,36.6177,-121.9166,Lovers Point Inn
131,Dikson,RU,16.92,light snow,73.5069,80.5464,
132,Changping,CN,31.64,clear sky,40.2186,116.2197,Huachang Hotel
133,Codrington,AU,61.86,overcast clouds,-38.2667,141.9667,Codrington Gardens Bed And Breakfast
134,Gora,PL,47.28,light rain,51.6664,16.5349,Hotel Noclegi G√≥ra
135,Las Vegas,US,70.48,clear sky,36.175,-115.1372,Plaza Hotel & Casino
137,Isangel,VU,89.71,broken clouds,-19.55,169.2667,Tanna Lodge
138,Kaka,TM,52.09,broken clouds,37.3482,59.6143,
139,Kumluca,TR,52.68,overcast clouds,36.3703,30.2869,TurkuazK√∂y
140,Tuatapere,NZ,74.82,clear sky,-46.1333,167.6833,Ron and Tony's Bed & Breakfast
141,Hasaki,JP,41.4,clear sky,35.7333,140.8333,Inubosaki Kanko Hotel
144,Sharya,RU,23.34,scattered clouds,58.3686,45.5144,Sharya
145,Husavik,IS,30.11,scattered clouds,66.0449,-17.3389,Bjarnab√∫√∞
146,Huarmey,PE,71.78,overcast clouds,-10.0681,-78.1522,Hotel Miramar
147,Kirakira,SB,84.4,overcast clouds,-10.4544,161.9205,SanBiz Lodge
148,San Cristobal,VE,64.58,few clouds,7.7669,-72.225,Pirineos
149,Zelenoborskiy,RU,11.93,overcast clouds,66.845,32.3622,Turisticheskaya baza
150,Nkoyaphiri,BW,70.2,scattered clouds,-24.6322,25.8314,Sunbeam Hotel
151,Conde,BR,78.26,few clouds,-7.2597,-34.9075,Pousada Beija Flor
152,Tumaco,CO,77.31,overcast clouds,1.7986,-78.8156,Uni√≥n Victoria
153,Alice Springs,AU,83.75,overcast clouds,-23.7,133.8833,Desert Palms Alice Springs
154,Hoopstad,ZA,68.14,clear sky,-27.8327,25.9083,Nel's Rust Self Catering Accommodation
156,Faanui,PF,81.39,scattered clouds,-16.4833,-151.75,Bora-Bora Pearl Beach Resort & Spa
157,Butaritari,KI,81.59,light rain,3.0707,172.7902,Isles Sunset Lodge
158,Chuy,UY,70.68,broken clouds,-33.6971,-53.4616,Nuevo Hotel Plaza
159,Souillac,MU,81.36,broken clouds,-20.5167,57.5167,Shanti Maurice Resort & Spa
160,Palanga,LT,35.62,light rain,55.9175,21.0686,"Hotel ""Austƒója"""
161,Noumea,NC,87.78,few clouds,-22.2763,166.4572,H√¥tel Le Lagon
165,Chicama,PE,63.14,overcast clouds,-7.8447,-79.1469,Balihai Bungalows
166,Padang,ID,86.05,overcast clouds,-0.9492,100.3543,Mercure Padang
167,Airai,TL,71.2,light rain,-8.9266,125.4092,
168,Colares,PT,55.81,overcast clouds,38.7992,-9.4469,Arribas Sintra Hotel
169,Hualmay,PE,70.93,overcast clouds,-11.0964,-77.6139,Hotel Villa Kitzia Huacho
170,Linjiang,CN,14.32,overcast clouds,41.8069,126.9078,Ê†ºÊûóË±™Ê≥∞
171,Batsfjord,NO,21.4,overcast clouds,70.6345,29.7185,Adventure Apartements
172,Port Blair,IN,75.24,mist,11.6667,92.75,"Welcomhotel By ITC Hotels, Bay Island, Port Blair"
173,Chabahar,IR,71.33,clear sky,25.2919,60.643,Ÿáÿ™ŸÑ ⁄ØÿØÿ±Ÿàÿ¥€åÿß
174,Ostersund,SE,16.25,overcast clouds,63.1792,14.6357,Best Western Hotel Gamla Teatern
175,Bonavista,CA,17.6,overcast clouds,48.6499,-53.1147,Sweet Sharons bnb
176,Tarakan,ID,78.3,moderate rain,3.3,117.6333,RedDoorz Syariah near Taman Berlabuh Tarakan
177,Canyon,US,61.52,clear sky,34.9803,-101.9188,"Holiday Inn Express & Suites Canyon, an IHG Hotel"
179,Irvine,US,61.79,broken clouds,33.6695,-117.8231,Residence Inn by Marriott Irvine John Wayne Airport/Orange County
180,Taoudenni,ML,73.35,scattered clouds,22.6783,-3.9836,
181,Semey,KZ,8.82,clear sky,50.4111,80.2275,Grand Hotel Semey
182,Kruisfontein,ZA,60.19,clear sky,-34.0033,24.7314,Oyster Bay House Rental
183,Altamont,US,33.64,broken clouds,42.2068,-121.7372,Microtel Inn & Suites by Wyndham Klamath Falls
184,Palmer,US,30.07,clear sky,42.1584,-72.3287,Wedgewood Motel
185,Gao,ML,68.45,clear sky,16.6362,1.637,
186,Goundam,ML,75.02,clear sky,16.4145,-3.6708,
187,Orange,US,61.99,broken clouds,33.7,-117.7675,Meadows
188,Acarau,BR,78.39,broken clouds,-2.8856,-40.12,castelo pizzaria
189,Geraldton,AU,95.41,broken clouds,-28.7667,114.6,Broadwater Mariner Resort
190,Kudahuvadhoo,MV,80.92,scattered clouds,2.6708,72.8944,Niyama Private Islands Maldives
191,Zemio,CF,66.92,overcast clouds,5.0314,25.1361,OCHA Office
192,Ewa Beach,US,81.01,few clouds,21.3156,-158.0072,Base Lodging
193,Berlevag,NO,25.2,light snow,70.8578,29.0864,Kvitbrakka
194,Prokhorovka,RU,31.57,few clouds,51.0374,36.7325,
195,Severo-Kurilsk,RU,28.9,overcast clouds,50.6789,156.125,Kak Doma
196,Caconda,AO,58.78,overcast clouds,-13.7333,15.0667,
197,Peleduy,RU,4.35,light snow,59.6289,112.7406,–ì–æ—Å—Ç–∏–Ω–∏—Ü–∞ ¬´–£—é—Ç¬ª
198,Darjiling,IN,35.69,clear sky,27.0333,88.2667,Windamere Hotel
200,Whitehorse,CA,4.1,few clouds,60.7161,-135.0538,The Sternwheeler Hotel & Conference Centre
201,Ust-Tsilma,RU,22.1,light snow,65.441,52.1498,U Praskov'i
202,Margate,GB,42.12,scattered clouds,51.3813,1.3862,Premier Inn Margate hotel
203,Dicabisagan,PH,75.25,overcast clouds,17.0818,122.4157,Nancy Montanes Bernardo
204,Adrar,MR,64.98,broken clouds,20.5022,-10.0711,
205,Roebourne,AU,98.35,clear sky,-20.7833,117.1333,Latitude20 Roebourne Village
206,Kavaratti,IN,81.14,clear sky,10.5669,72.642,Hotels in Lakshadweep Islands
208,Paita,PE,72.0,overcast clouds,-5.0892,-81.1144,Hotel N√°utico de Paita
209,Srandakan,ID,82.89,broken clouds,-7.9386,110.2506,Puri Brata
210,Yarada,IN,71.92,mist,17.65,83.2667,Yarada Jungle Beach Resorts
211,Taitung,TW,59.27,broken clouds,22.7583,121.1444,Taitung Bali Suites Hotel
212,Havre-Saint-Pierre,CA,12.2,overcast clouds,50.2334,-63.5986,Auberge Niapiskau
213,Vao,NC,80.17,clear sky,-22.6667,167.4833,Hotel Kou-Bugny
214,Carutapera,BR,76.93,overcast clouds,-1.195,-46.02,Lidera
215,Tutoia,BR,78.78,broken clouds,-2.7619,-42.2744,Pousada Guar√°'s
216,Nemuro,JP,25.23,light snow,43.3236,145.575,Hotel Nemuro Kaiyoutei
217,Takoradi,GH,79.14,overcast clouds,4.8845,-1.7554,Raybow International Hotel
218,Gorontalo,ID,75.88,light rain,0.5412,123.0595,Maqna Hotel by Prasanthi
219,Kurilsk,RU,29.53,light snow,45.2333,147.8833,Hotel Ostrov
220,Santiago,CL,69.85,clear sky,-33.4569,-70.6483,Hotel Panamericano
222,El Banco,CO,79.39,broken clouds,9.0011,-73.9758,HOTEL RADOA El Banco Magdalena
223,Ribas Do Rio Pardo,BR,73.09,clear sky,-20.4431,-53.7592,Pousada Avenida
224,Krasnovishersk,RU,27.12,light snow,60.4078,57.082,Vishera hotel
225,Karratha,AU,99.52,clear sky,-20.7377,116.8463,ibis Styles Karratha
226,Ancud,CL,58.53,broken clouds,-41.8697,-73.8203,Hotel Arena Gruesa
227,Christchurch,NZ,68.32,clear sky,-43.5333,172.6333,The George
228,Tatawin,TN,51.71,clear sky,32.9297,10.4518,Sangho Privilege Tataouine
229,College,US,10.8,broken clouds,64.8569,-147.8028,Pike's Waterfront Lodge
230,Buenavista,PH,82.13,overcast clouds,8.9769,125.4089,Room For Rent
231,Ambilobe,MG,74.39,overcast clouds,-13.2,49.05,H√¥tel & Restaurant DIANA Ambilobe
232,Lokosovo,RU,13.3,overcast clouds,61.1333,74.8167,
233,Nabire,ID,75.6,overcast clouds,-3.3667,135.4833,Hotel Nusantara Nabire
234,Mount Barker,AU,68.86,overcast clouds,-35.0667,138.8667,A Suite Spot in the Hills
235,Caravelas,BR,75.96,overcast clouds,-17.7125,-39.2481,Pousada dos Navegantes
237,Aleksandrov Gay,RU,24.73,overcast clouds,50.147,48.5704,Gostinitsa
238,Morros,BR,71.78,overcast clouds,-9.4467,-46.3003,
239,Hilo,US,78.53,broken clouds,19.7297,-155.09,Hilo Hawaiian Hotel
240,Provideniya,RU,5.36,light snow,64.3833,-173.3,
241,Port Hedland,AU,96.85,clear sky,-20.3167,118.5667,"The Esplanade Hotel (Accommodation section closed for refurbishment - Bar, Restaurant & Functions remain open)"
242,Galle,LK,78.04,clear sky,6.0367,80.217,Amangalla
244,Kaitangata,NZ,68.41,clear sky,-46.2817,169.8464,Kaitangata Motor Camp
245,Lagoa,PT,55.74,few clouds,39.05,-27.9833,Casa Das Faias
246,Garowe,SO,65.59,broken clouds,8.4054,48.4845,Curubo Hotel
247,Manggar,ID,81.54,overcast clouds,-2.8833,108.2667,Guest Hotel
248,Dickinson,US,62.98,overcast clouds,29.4608,-95.0513,Hampton Inn & Suites Houston/League City
250,Chapais,CA,10.18,light snow,49.7834,-74.8492,H√¥tel Op√©miska
251,Boden,SE,8.6,overcast clouds,65.8252,21.6886,Quality Hotel Bodensia
252,Lagos,NG,80.92,scattered clouds,6.5833,3.75,
253,Middlesex,US,30.34,clear sky,42.4998,-71.3328,Concord's Colonial Inn
254,Kysyl-Syr,RU,6.57,light snow,63.8986,122.7617,
255,Pouebo,NC,85.69,few clouds,-20.4,164.5667,RIV√ÇT LODGE
256,Hammerfest,NO,16.25,clear sky,70.6634,23.6821,Skytterhuset
257,Edd,ER,75.61,broken clouds,13.9297,41.6925,
258,Alofi,NU,73.29,overcast clouds,-19.0595,-169.9187,Taloa Heights
259,Pangody,RU,13.95,overcast clouds,65.85,74.4859,Elizaveta Shevchuk's House
260,Lebu,CL,56.52,clear sky,-37.6167,-73.65,Hostal Las Lilas
261,Esik,KZ,15.22,clear sky,43.3552,77.4525,"Gostevoy Dom ""Asyl Tau"""
263,Fortuna,US,47.66,overcast clouds,40.5982,-124.1573,Super 8 by Wyndham Fortuna
264,Mar Del Plata,AR,69.1,clear sky,-38.0023,-57.5575,Gran Hotel Mar del Plata
265,Puerto Colombia,CO,78.89,clear sky,10.9878,-74.9547,Hotel El Emigrante
266,Boddam,GB,39.11,broken clouds,57.4667,-1.7833,Palace Hotel
267,Mugan,CN,19.89,overcast clouds,35.9404,101.3842,
268,Great Yarmouth,GB,40.44,overcast clouds,52.6083,1.7305,Comfort Hotel Great Yarmouth
269,Grao Mogol,BR,65.34,overcast clouds,-16.5594,-42.8897,Pousada do Eti
270,Hami,CN,27.37,few clouds,42.8,93.45,Laoyutang Resort
271,Asfi,MA,56.53,clear sky,32.2994,-9.2372,H√¥tel Abda
272,Alta Floresta,BR,69.73,broken clouds,-9.8756,-56.0861,Floresta Amazonica Hotel
273,Tromso,NO,12.22,clear sky,69.6496,18.957,"Radisson Blu Hotel, Troms√∏"
274,Klaksvik,FO,38.32,overcast clouds,62.2266,-6.589,Airbnb rooms
275,Ous,RU,27.3,overcast clouds,60.9058,61.5186,
276,Yibin,CN,42.75,overcast clouds,28.7667,104.6238,Handsome Guesthouse
277,Dingle,PH,81.59,overcast clouds,10.9995,122.6711,SEGAYA PROPERTY
278,Matay,EG,55.47,overcast clouds,28.419,30.7792,Nag Aespen
279,Constitucion,CL,55.04,clear sky,-35.3333,-72.4167,Hotel Boutique Las Azucenas
280,Kavieng,PG,84.22,moderate rain,-2.5744,150.7967,Nusa Island Retreat
281,Termiz,UZ,46.49,clear sky,37.2242,67.2783,Hotel Ulugbek
282,Touros,BR,79.7,clear sky,-5.1989,-35.4608,INN NEW HORIZON
283,Mobile,US,58.39,scattered clouds,30.7835,-88.2,Days Inn by Wyndham North Mobile
284,Shakhtinsk,KZ,9.16,clear sky,49.71,72.5872,Orifleym
285,Sitka,US,42.69,scattered clouds,57.0531,-135.33,Westmark Sitka
286,Ixtapa,MX,74.43,few clouds,20.7,-105.2,hotel la terminal
287,Jhalrapatan,IN,61.03,clear sky,24.55,76.1667,Hotel Krishna Palace
288,San Rafael,AR,71.28,clear sky,-34.6177,-68.3301,Hotel San Rafael
289,Port Hueneme,US,61.05,mist,34.1478,-119.1951,Hampton Inn Channel Islands Harbor
290,Qaqortoq,GL,1.9,overcast clouds,60.7167,-46.0333,Siniffik Inn
292,Bambous Virieux,MU,81.21,light rain,-20.3428,57.7575,Casa Tia Villa
293,Trinidad,BO,73.49,broken clouds,-14.8333,-64.9,Hotel Piesta
294,Palmas,BR,76.87,moderate rain,-10.2128,-48.3603,Hotel Lago da Palma
295,Hithadhoo,MV,81.1,few clouds,-0.6,73.0833,Scoop Guest House
296,Sampit,ID,76.73,moderate rain,-2.5333,112.95,Aquarius Boutique Hotel Sampit
297,Diffa,NE,63.61,clear sky,13.3154,12.6113,ProDAF/Diffa
298,Haines Junction,CA,13.95,overcast clouds,60.7522,-137.5108,Parkside Inn
299,Kuldur,RU,6.35,broken clouds,49.2167,131.6333,
300,Prince Rupert,CA,40.69,clear sky,54.3161,-130.3201,Crest Hotel
301,Raga,SS,66.69,scattered clouds,8.4596,25.678,
302,Farah,AF,53.98,overcast clouds,32.5,62.5,
303,Pisco,PE,69.85,clear sky,-13.7,-76.2167,Hotel San Isidro Oficial
304,Owando,CG,69.82,light rain,-0.4819,15.8999,Exaunel Hotel Owando
305,Guerrero Negro,MX,60.48,clear sky,27.9769,-114.0611,"Casa Laguna, Bed & Breakfast"
306,San Carlos De Bariloche,AR,51.55,moderate rain,-41.1456,-71.3082,Hotel Patagonia
307,Bathsheba,BB,77.61,few clouds,13.2167,-59.5167,Atlantis Hotel
308,Makakilo City,US,79.61,few clouds,21.3469,-158.0858,Marriott's Ko Olina Beach Club
309,Acapulco,MX,82.22,clear sky,16.8634,-99.8901,HS Hotsson Smart Acapulco
311,Lompoc,US,56.37,overcast clouds,34.6391,-120.4579,"Holiday Inn Express Lompoc, an IHG Hotel"
312,Vologda,RU,21.63,overcast clouds,59.2187,39.8886,Vologda Gostinitsa Sputnik
313,Lorengau,PG,82.85,moderate rain,-2.0226,147.2712,Lorengau Harbourside Hotel
314,Almeirim,BR,76.73,overcast clouds,-1.5233,-52.5817,Ric√°cio Hotel
315,Cabo San Lucas,MX,71.51,few clouds,22.8909,-109.9124,Hotel Tesoro Los Cabos
316,Kalangala,UG,72.21,overcast clouds,-0.3089,32.225,Ssese Habitat Resort
317,Rocha,UY,68.79,broken clouds,-34.4833,-54.3333,Hotel Arrarte
318,Dubuque,US,41.92,clear sky,42.4833,-90.8668,American Inn and Suites
319,Trenggalek,ID,82.65,light rain,-8.05,111.7167,OYO 2966 Hotel Atriaz
320,Nagykanizsa,HU,41.11,broken clouds,46.4535,16.991,Hotel Vineyard Inn - Vineyard
321,Waitati,NZ,62.8,few clouds,-45.75,170.5667,Arden Country House BnB Dunedin
322,Bideford,GB,44.96,broken clouds,51.0179,-4.2046,Durrant House Hotel
323,Yangambi,CD,67.32,overcast clouds,0.8102,24.4336,
324,Marienburg,PL,46.85,light rain,54.0359,19.0266,Hotel Centrum Malbork
325,Urusha,RU,2.12,overcast clouds,54.05,122.9,Dom Otdykha Lokomotivnykh Brigad
326,Melfi,IT,49.41,few clouds,40.9965,15.6514,HOTEL TERME DI RAPOLLA
327,Artyom,AZ,39.34,few clouds,40.4723,50.333,Merdan Respect
328,Canada,ES,46.29,overcast clouds,38.6767,-0.8141,"Hotel canino ""La Lloma"""
329,Redmond,US,44.53,overcast clouds,47.674,-122.1215,Seattle Marriott Redmond
330,Sabang,ID,82.67,scattered clouds,5.8933,95.3214,Hotel Citra
331,Erenhot,CN,5.09,scattered clouds,43.6475,111.9767,Erenhot Rurouni Youth Hostel
332,Liwale,TZ,71.29,overcast clouds,-9.7667,37.9333,Samoma lodge
333,Cottbus,DE,51.53,overcast clouds,51.7667,14.3333,Spree-Waldhotel Cottbus
334,Esperantina,BR,72.77,moderate rain,-3.9017,-42.2336,Pousada Recanto Das Aguas
335,Ambon,ID,80.74,light rain,-3.6954,128.1814,Swiss-Belhotel Ambon
337,Najran,SA,61.45,scattered clouds,17.4924,44.1277,ŸÖÿ≠ŸÖÿØ ŸáÿßÿØŸä ÿßŸÑ ŸÅÿ∑Ÿäÿ≠
338,Sembe,CG,72.14,light rain,1.6481,14.5806,
339,Dunedin,NZ,62.8,clear sky,-45.8742,170.5036,Scenic Hotel Southern Cross
340,Oriximina,BR,74.98,overcast clouds,-1.7656,-55.8661,Pousada Tia Am√©lia
341,Mount Isa,AU,94.77,clear sky,-20.7333,139.5,ibis Styles Mt Isa Verona
343,Road Town,VG,77.09,few clouds,18.4167,-64.6167,"ZINGARA 76ft Catamaran, full crew-all included"
344,Itoman,JP,59.38,broken clouds,26.1247,127.6694,Southern Beach Hotel & Resort Okinawa
345,Kamaishi,JP,29.35,scattered clouds,39.2667,141.8833,Hotel Route Inn Kamaishi
346,Roma,US,42.66,clear sky,43.2128,-75.4557,Wingate By Wyndham Rome
348,Namibe,AO,75.13,overcast clouds,-15.1961,12.1522,Hotel Chik Chik Namibe
349,Meulaboh,ID,79.93,overcast clouds,4.1363,96.1285,Kost Pria
350,Mahanoro,MG,76.3,light rain,-19.9,48.8,BUNGALOW MAHAMANINA
351,Pietersburg,ZA,52.2,clear sky,-23.9045,29.4688,Fusion Boutique Hotel
352,Chik,RU,4.75,clear sky,54.9928,82.4311,
353,Bafra,TR,49.78,overcast clouds,41.5678,35.9069,Sevgi Otel
354,Arenapolis,BR,71.91,overcast clouds,-14.4503,-56.8461,Mato Grosso Hotel
355,Jumla,NP,27.99,clear sky,29.2747,82.1838,Royal Garden Hotel
356,Areia Branca,BR,79.88,broken clouds,-4.9561,-37.1369,Areia Branca Apart Hotel
357,Dmytrivka,UA,38.55,clear sky,45.9717,28.9864,
358,Ciudad Bolivar,VE,81.14,broken clouds,8.1222,-63.5497,Hotel Edi
359,Fengzhen,CN,7.36,clear sky,40.4394,113.1536,Feng Zhen Hotel
360,Ponta Do Sol,PT,62.06,overcast clouds,32.6667,-17.1,Hotel do Campo
361,Sao Joao Da Barra,BR,76.41,overcast clouds,-21.6403,-41.0511,Pousada Porto De Canoas
362,Udachnyy,RU,14.45,overcast clouds,66.4167,112.4,Severnoye Siyaniye
363,Tual,ID,81.28,very heavy rain,-5.6667,132.75,Grand Vilia Hotel
364,Maarianhamina,AX,33.66,few clouds,60.0973,19.9348,Park Alandia Hotel
366,Nioro,GM,76.69,clear sky,13.35,-15.75,
367,Tres Arroyos,AR,62.82,light rain,-38.3739,-60.2798,Habitacion Triple con ba√±o y entrada privada
368,Sola,VU,82.67,scattered clouds,-13.8833,167.55,Leumerus Bungalows
369,Broome,US,34.92,clear sky,42.2506,-75.833,Chenango Valley State Park
370,East London,ZA,67.33,clear sky,-33.0153,27.9116,Tu Casa
371,Mangrol,IN,69.19,broken clouds,21.1167,70.1167,Hotel The Royal Honours
373,Laguna,US,59.5,clear sky,38.421,-121.4238,"Holiday Inn Express & Suites Elk Grove Central - Hwy 99, an IHG Hotel"
374,Severo-Yeniseyskiy,RU,3.15,overcast clouds,60.3725,93.0408,Aktolik
375,Talnakh,RU,18.21,light snow,69.4865,88.3972,Talnakh Hotel
376,Parabel,RU,7.32,clear sky,58.6978,81.4825,Housing Complex Gazprom Transgaz Tomsk
377,Epernay,FR,45.68,broken clouds,49.05,3.95,ibis √âpernay Centre-Ville
378,Boyabat,TR,41.13,overcast clouds,41.4689,34.7667,Kolaz Palas Otel
379,Andros Town,BS,73.36,few clouds,24.7,-77.7667,Hanks place
381,Ozernovskiy,RU,28.22,overcast clouds,51.5,156.5167,
382,Junin,AR,59.85,clear sky,-34.5838,-60.9433,Hotel Central
383,Los Llanos De Aridane,ES,55.15,broken clouds,28.6585,-17.9182,Valle Aridane
384,Culebra,PR,78.84,clear sky,18.303,-65.301,Palmetto Guesthouse
385,Leshukonskoye,RU,22.78,light snow,64.8989,45.7622,Pryalitsa Hostel
386,Sharjah,AE,72.25,clear sky,25.3573,55.4033,Swiss Belhotel Sharjah
387,Hambantota,LK,79.14,few clouds,6.1241,81.1185,Bungalow 63
388,Zwickau,DE,49.48,overcast clouds,50.7167,12.4833,Hotel Park Eckersbach
389,Sjovegan,NO,23.23,overcast clouds,68.8726,17.8474,Sj√∏vegan cabin AS
390,Verkhnevilyuysk,RU,9.07,light snow,63.4453,120.3167,Gostinitsa Mila
391,Moron,AR,67.98,few clouds,-34.6534,-58.6198,Hotel Mor√≥n
393,Victoria,HK,47.32,moderate rain,22.2855,114.1577,Mini Hotel Central
395,Verkhneuralsk,RU,30.4,scattered clouds,53.8769,59.2106,"Yuzhnaya, Gostinitsa"
396,Oda,JP,32.77,overcast clouds,35.1833,132.5,Sky Hotel Oda
397,Balykshi,KZ,37.4,mist,47.0667,51.8667,–ì–æ—Å—Ç–∏–Ω–∏—Ü–∞ Golden Rose
398,Gweta,BW,76.08,clear sky,-20.1833,25.2333,Gweta Lodge
400,Abu Dhabi,AE,69.91,clear sky,24.4667,54.3667,Beach Rotana
401,Logatec,SI,44.74,overcast clouds,45.9144,14.2258,Villa Tollazzi
402,Mersing,MY,82.31,scattered clouds,2.4312,103.8405,Timotel Hotel
403,Mitsamiouli,KM,82.58,overcast clouds,-11.3847,43.2844,Foyer ADM
404,Shenzhen,CN,47.21,light rain,22.5455,114.0683,Grand Skylight
405,Levikha,RU,28.38,broken clouds,57.5836,59.9003,
406,Masterton,NZ,73.96,scattered clouds,-40.9597,175.6575,Copthorne Hotel & Resort Solway Park Wairarapa
407,Vestmannaeyjar,IS,40.48,clear sky,63.4427,-20.2734,Glamping & Camping
408,Bhadrachalam,IN,71.55,overcast clouds,17.6667,80.8833,Hotel Srinidhi Residency
409,Nelson Bay,AU,89.76,broken clouds,-32.7167,152.15,Mantra Nelson Bay
410,Buraydah,SA,48.65,clear sky,26.326,43.975,M√∂venpick Qassim
411,Vuktyl,RU,25.95,light snow,63.8567,57.3094,Mini-Hotel Lokomotiv
412,Garmsar,IR,50.02,overcast clouds,35.2182,52.3409,ÿ¢ÿ∞€åŸÜ ŸÅŸàŸÖ
414,Mahina,PF,85.77,light rain,-17.5065,-149.489,Guest Beach Bungalow Tahiti
415,Lokhvytsya,UA,34.34,broken clouds,50.3678,33.2602,Ukraine
416,Yarmouth,US,36.01,clear sky,41.7057,-70.2286,Blue Rock Resort
417,Chateaubelair,VC,75.81,few clouds,13.2833,-61.25,Richmond Vale Diving & Hiking Center
418,Cascais,PT,55.99,overcast clouds,38.6979,-9.4215,Hotel Vila Gal√© Cascais
419,Sharhorod,UA,37.9,few clouds,48.7383,28.085,Mini Hotel Gostynnyi Dvir
420,Atar,MR,66.13,overcast clouds,20.5169,-13.0499,Oumou Elghoura
421,Envira,BR,71.67,overcast clouds,-7.3,-70.2167,
422,Terra Nova,BR,69.17,overcast clouds,-12.3667,-40.6667,
423,Lensk,RU,8.71,light snow,60.7253,114.9278,–¢–∏–Ω–û—Ä–°
424,Vaitape,PF,81.37,scattered clouds,-16.5167,-151.75,Conrad Bora Bora Nui
425,Kayerkan,RU,17.53,overcast clouds,69.3497,87.7602,
426,Tautira,PF,86.02,light rain,-17.7333,-149.15,Pension Oaoa
427,Podosinovets,RU,22.82,overcast clouds,60.2776,47.0659,
428,Flinders,AU,83.8,overcast clouds,-34.5833,150.8552,Shellharbour Resort & Conference Centre
430,Keti Bandar,PK,72.5,clear sky,24.1447,67.4497,Haji laloo memon house
431,Kirkland Lake,CA,23.29,broken clouds,48.1446,-80.0377,Comfort Inn
432,Newport,GB,43.86,scattered clouds,51.5877,-2.9984,ibis budget Newport
433,Madruga,CU,72.54,clear sky,22.9114,-81.8561,
434,Lashio,MM,56.17,overcast clouds,22.9333,97.75,Hotel CF Lashio - Burmese Only
435,Neiafu,TO,84.88,broken clouds,-18.65,-173.9833,Mystic Sands Beachfront Accommodation
436,Bukama,CD,67.21,overcast clouds,-9.2,25.85,
437,Thinadhoo,MV,81.55,clear sky,0.5333,72.9333,
438,Covington,US,51.12,clear sky,39.0837,-84.5086,Cincinnati Marriott at RiverCenter
439,Yar-Sale,RU,16.61,overcast clouds,66.8333,70.8333,Yalemd
440,Zhezkazgan,KZ,1.38,mist,47.8043,67.7144,Hotel Zumrat
441,Igarka,RU,15.48,light snow,67.4667,86.5833,"Zapolyar'ye, Gostinitsa"
442,Southbridge,US,29.28,clear sky,42.0751,-72.0334,Southbridge Hotel & Conference Center
443,Labuhan,ID,80.89,overcast clouds,-6.8844,112.2051,DoubleFAG
444,Mazyr,BY,35.15,overcast clouds,52.0495,29.2456,Euro Mini-Hotel
445,Fairbanks,US,10.81,clear sky,64.8378,-147.7164,Westmark Fairbanks Hotel & Conference Center
446,Cahabon,GT,63.07,few clouds,15.5667,-89.8167,Hotel San Angelo Santa Mar√≠a Cahab√≥n A.V.
447,Tura,IN,57.78,clear sky,25.5198,90.2201,Hotel RIKMAN Continental
448,Zhangjiakou,CN,12.24,scattered clouds,40.81,114.8794,Shell Zhangjiakou City Qiaodong District Ginza Hotel
450,Luanshya,ZM,61.29,overcast clouds,-13.1367,28.4166,CHOLWA GUEST HOUSE
451,Bose,IT,46.54,broken clouds,45.4612,8.0137,Locanda Borgo Antico
452,Bria,CF,68.25,broken clouds,6.5423,21.9863,WFP Guesthouse
453,Comodoro Rivadavia,AR,53.46,light rain,-45.8667,-67.5,Austral Hotel
454,Waingapu,ID,84.16,heavy intensity rain,-9.6567,120.2641,Pondok Wisata Elim
455,Nokia,FI,24.78,overcast clouds,61.4667,23.5,Scandic Eden
456,Makarska,HR,50.14,scattered clouds,43.2969,17.0178,Hotel Park Makarska
457,La Asuncion,VE,78.53,few clouds,11.0333,-63.8628,Colinas de Matasiete
458,Oistins,BB,77.09,few clouds,13.0667,-59.5333,Butterfly Beach Hotel
459,Yabrud,SY,37.53,broken clouds,33.9674,36.6574,ÿµÿßŸÑÿ© ÿßŸÅÿ±ÿßÿ≠ ÿßŸÑÿßŸÜÿØŸÑÿ≥
460,Vila,PT,39.33,clear sky,42.0304,-8.1588,Hotel Castrum Villae by Walk Hotels
461,Coahuayana,MX,83.68,clear sky,18.7333,-103.6833,El rranchito michuacan de ocampos
463,Serov,RU,25.77,overcast clouds,59.6033,60.5787,Five Stars Hotel
464,Rincon,US,55.85,clear sky,32.296,-81.2354,Days Inn Rincon
465,Severnyy,RU,32.04,clear sky,50.677,36.5532,Full House North Mini-Hotel
466,Kenai,US,34.03,scattered clouds,60.5544,-151.2583,Aspen Extended Stay Suites
468,Haverfordwest,GB,42.55,broken clouds,51.8017,-4.9691,Coastal Cottages of Pembrokeshire
469,Tuyen Quang,VN,48.92,overcast clouds,21.8233,105.2181,Kh√°ch S·∫°n Tuy√™n Thoa
470,Saint Albans,GB,41.43,broken clouds,51.75,-0.3333,The White Hart
471,Puqi,CN,38.68,overcast clouds,29.7167,113.8833,Ramada Plaza Chibi
472,Sobolevo,RU,30.65,light snow,54.4299,31.8996,
473,Asau,RO,33.28,few clouds,46.4333,26.4,Casa Mika Ciobanus
474,Puksoozero,RU,16.48,overcast clouds,62.5903,40.6066,
475,Tomatlan,MX,69.73,clear sky,19.9333,-105.25,El Salvial
477,Kikwit,CD,68.25,overcast clouds,-5.041,18.8162,HOTEL PLACE YALABA
478,Merauke,ID,84.11,overcast clouds,-8.4667,140.3333,
479,Shimoda,JP,48.31,clear sky,34.6667,138.95,Shimoda Tokyu Hotel
480,Correntina,BR,67.96,overcast clouds,-13.3433,-44.6367,Hotel Pousada dos Sonhos
481,Koslan,RU,27.09,light snow,63.4564,48.8989,
482,Umm Kaddadah,SD,58.95,overcast clouds,13.6017,26.6876,
483,Tateyama,JP,46.67,broken clouds,34.9833,139.8667,Tateyama Seaside Hotel
484,Smithers,CA,19.72,light snow,54.7804,-127.1743,"Prestige Hudson Bay Lodge, Premier Collection"
485,Magnor,SE,30.0,light snow,59.9511,12.1996,Magnor Bad
486,Monterey,US,52.09,overcast clouds,36.2505,-121.2516,
487,Sapele,NG,77.81,scattered clouds,5.8941,5.6767,Movig Hotel & Suites
488,Yokadouma,CM,71.56,overcast clouds,3.5167,15.05,H√¥tel De Ville De Yokadouma
489,Safaga,EG,55.35,clear sky,26.7292,33.9365,Lamar Resort Abu Soma
490,Mackay,AU,86.68,light rain,-21.15,149.2,International Lodge Motel
491,Urumqi,CN,0.55,mist,43.801,87.6005,Hua Ling Grand Hotel Urumqi
492,Gombe,NG,66.42,scattered clouds,10.2897,11.1673,Custodian Hotel Gombe
493,Inirida,CO,76.77,few clouds,3.8653,-67.9239,Fuente del Guania Hotel de Lujo
494,Cururupu,BR,74.73,overcast clouds,-1.8283,-44.8683,POUSADA TRAV√âS'CIA
495,Norrtalje,SE,35.24,overcast clouds,59.758,18.705,Norrt√§lje Vandrarhem Hvilan
496,Nago,JP,59.43,overcast clouds,26.5881,127.9761,Hotel Yugaf Inn Okinawa
497,Port Lincoln,AU,62.17,overcast clouds,-34.7333,135.8667,Port Lincoln Hotel
498,Rio Cuarto,AR,65.68,few clouds,-33.1307,-64.3499,Hotel Menossi
499,Batticaloa,LK,77.5,broken clouds,7.7102,81.6924,Grand Star Guest House
500,Te Anau,NZ,72.43,broken clouds,-45.4167,167.7167,Kingsgate Hotel Te Anau
502,Itupiranga,BR,72.88,broken clouds,-5.1347,-49.3267,Hotel Panorama
503,Rapid Valley,US,43.03,clear sky,44.0625,-103.1463,Fairfield Inn & Suites by Marriott Rapid City
504,Uglovka,RU,29.25,light snow,58.2392,33.5108,Inn Dubrava
505,Puerto El Triunfo,SV,83.32,overcast clouds,13.2833,-88.55,Hotel Jardin
506,Manokwari,ID,79.25,overcast clouds,-0.8667,134.0833,Swiss Belhotel Manokwari
507,Denizli,TR,43.65,overcast clouds,37.8402,29.0698,Anemon Denizli Hotel
508,Gravdal,NO,22.91,few clouds,68.1214,13.5031,Skreda Rorbusuiter
509,Cayenne,GF,76.08,heavy intensity rain,4.9333,-52.3333,H√¥tel Le Dronmi
510,Aksarka,RU,19.78,overcast clouds,66.5606,67.7975,
511,Graaff-Reinet,ZA,62.4,few clouds,-32.2522,24.5308,Rietjiesbos Self Catering
512,Sorong,ID,77.05,moderate rain,-0.8833,131.25,Waigo Splash Hotel
514,Jertih,MY,82.27,scattered clouds,5.7336,102.4897,One Utama Hotel
515,Wanning,CN,58.89,overcast clouds,18.8003,110.3967,Paradise Hotel
516,Ankang,CN,46.92,overcast clouds,32.68,109.0172,ÂÆâÁê™ÈÖíÂ∫ó
517,Georgiyevka,KZ,33.84,clear sky,43.0369,74.7114,Gostinitsa Imperiya
518,Bom Jesus,BR,71.98,overcast clouds,-9.0744,-44.3586,Hotel Bras√£o & Floricultura Bella Flor
519,Praya,CV,70.34,broken clouds,14.9215,-23.5087,LT Aparthotel
520,Skibotn,NO,12.29,broken clouds,69.3913,20.2679,Olderelv Camping
521,Robertsport,LR,79.7,light rain,6.7533,-11.3686,Kwepunha Retreat
522,Ures,MX,68.07,scattered clouds,29.4333,-110.4,Hacienda Quinta Napoles
523,Tuapse,RU,45.03,overcast clouds,44.1125,39.0742,Guest house Viktoria
524,Muros,ES,53.98,broken clouds,42.7762,-9.0603,Apartment Av. Castelao
525,Tevaitoa,PF,81.23,light rain,-16.7833,-151.5,H√¥tel Raiatea Lodge
526,Ivnya,RU,31.91,few clouds,51.0629,36.1343,Gostinitsa Lev
527,Laela,TZ,59.88,overcast clouds,-8.5667,32.05,
528,Middelburg,ZA,62.67,clear sky,-25.7751,29.4648,Oregon Place Guest House
529,Kapuskasing,CA,1.4,scattered clouds,49.4169,-82.4331,Park Inn Motel
530,Tamandare,BR,79.5,clear sky,-8.7597,-35.1047,Pousada 100 Passos
531,Rozkishne,UA,37.26,broken clouds,48.5074,39.3004,–î–æ–º–∏–Ω–æ
532,Sterling,US,39.34,clear sky,39.0062,-77.4286,Hampton Inn & Suites Washington-Dulles International Airport
533,Acucena,BR,70.32,overcast clouds,-19.0731,-42.5464,Hotel e Restaurante A√ßucena
534,Porto Novo,BJ,78.15,broken clouds,6.4965,2.6036,Tour Eiffel Hotel Benin
535,Sung Noen,TH,60.94,overcast clouds,14.8992,101.8207,Ploynamkang Resort
536,Ternate,ID,79.52,overcast clouds,0.8,127.4,Sahid Bela Ternate Hotel
537,Yulara,AU,85.84,clear sky,-25.2406,130.9889,Desert Gardens Hotel - Ayers Rock Resort
538,Puerto Escondido,MX,83.23,clear sky,15.85,-97.0667,Aldea del Bazar Hotel and Spa
539,Abnub,EG,48.42,overcast clouds,27.2696,31.1511,ŸÖÿ∂ŸäŸÅÿ™ ÿßŸàŸÑÿßÿØ ÿßÿ≠ŸÖÿØ ÿßÿ®Ÿà ÿ≠ÿ≥ŸäŸÜ
540,Port-Cartier,CA,6.91,light snow,50.0334,-66.8654,Le Q'Artier
541,Fountain,US,54.68,broken clouds,38.6822,-104.7008,Colorado Springs KOA Holiday
542,Kashi,CN,30.25,dust,39.4547,75.9797,Â∏ïÁ±≥Â∞îÈùíÂπ¥ÊóÖËàç
543,Grindavik,IS,32.47,clear sky,63.8424,-22.4338,Northern Light Inn & Max's Restaurant
544,Dzaoudzi,YT,82.29,clear sky,-12.7887,45.2699,Le Rocher
545,Payson,US,52.38,broken clouds,40.0444,-111.7321,Quality Inn Payson I-15
547,Ushtobe,KZ,15.13,clear sky,45.2514,77.9838,Filipin Squad
548,Lata,PT,54.81,overcast clouds,40.1629,-8.3327,Casa Maquia
549,Nalobikha,RU,0.37,overcast clouds,53.2006,84.6039,
550,Turgoyak,RU,16.29,broken clouds,55.15,60.1183,Rayder
551,Faya,SA,50.11,clear sky,18.3851,42.4509,ÿßŸÖŸÑÿßŸÉ ÿÆÿßŸÑÿØ ÿßŸÑÿ¥ÿπÿ¥Ÿàÿπ
552,Barranquilla,CO,83.98,clear sky,10.9639,-74.7964,HOTEL AVANTY
553,Warri,NG,77.52,overcast clouds,5.5167,5.75,BON Hotel Delta
554,Saint George,US,61.95,clear sky,37.1041,-113.5841,Best Western Plus Abbey Inn
555,Nenjiang,CN,0.86,overcast clouds,49.1833,125.2167,Nenjiang Apartment
556,Aljezur,PT,51.24,broken clouds,37.3191,-8.8033,Amazigh Hostel
557,Port Augusta,AU,74.71,broken clouds,-32.5,137.7667,Majestic Oasis Apartments
558,Broken Hill,AU,73.11,few clouds,-31.95,141.4333,Royal Exchange Hotel
559,Greeneville,US,41.76,overcast clouds,36.1632,-82.831,General Morgan Inn and Conference Center
561,Traverse City,US,38.14,clear sky,44.7631,-85.6206,Bayshore Resort
562,Moscow,RU,32.63,overcast clouds,55.7522,37.6156,"The Ritz-Carlton, Moscow"
563,Cordele,US,57.31,clear sky,31.9635,-83.7824,Ramada by Wyndham Cordele
564,Fare,PF,81.3,overcast clouds,-16.7,-151.0167,Maitai Lapita Village Huahine
565,Valdosta,US,60.71,clear sky,30.8327,-83.2785,Courtyard by Marriott Valdosta
566,Maamba,ZM,68.94,clear sky,-17.3667,27.15,
567,Talas,TR,30.87,broken clouds,38.6908,35.5538,Fimaj Residence
568,Sebina,BW,70.3,clear sky,-20.8667,27.25,
569,Totness,SR,75.54,broken clouds,5.8833,-56.3167,STAATS LOGEERGEBOUW TOTNESS
570,Khani,GE,31.57,overcast clouds,41.9563,42.9566,·Éô·É£·É†·Éù·É†·É¢·Éò ·Éñ·Éî·Éô·Éê·É†·Éò/Resort Zekari
571,Mao,ES,45.16,clear sky,39.8885,4.2658,ARTIEM Capri
572,Pierre,US,16.72,broken clouds,44.3683,-100.351,Ramkota Hotel
573,Boundiali,CI,80.22,broken clouds,9.5217,-6.4869,Hotel Paysan Boundiali
574,Vanavara,RU,11.53,overcast clouds,60.34,102.2797,
575,Hervey Bay,AU,87.04,clear sky,-25.2986,152.8535,Shelly Bay Resort
576,Ylojarvi,FI,24.71,overcast clouds,61.5563,23.5961,Hotel Lamminp√§√§
577,Tabou,CI,77.56,overcast clouds,4.423,-7.3528,hot√™l doufoulougou
578,Zakamensk,RU,4.78,scattered clouds,50.3741,103.2863,Gostinitsa Zakamna
579,Mindelo,CV,69.35,overcast clouds,16.8901,-24.9804,Hotel Gaudi
581,Wajir,KE,76.86,overcast clouds,1.7471,40.0573,Al-bustan Hotel And Restaurant.
582,Kushima,JP,42.84,overcast clouds,31.4583,131.2333,Hanaoka
583,Cidreira,BR,74.7,overcast clouds,-30.1811,-50.2056,Hotel Castelo
584,Mirabad,AF,62.31,broken clouds,30.4362,61.8383,
585,Pelym,RU,25.83,overcast clouds,61.0108,61.9978,Obshchezhitiye Pelymskogo Lpumg
586,Truth Or Consequences,US,62.15,clear sky,33.1284,-107.2528,Charles Motel
587,Podporozhye,RU,15.84,overcast clouds,60.9112,34.1706,U Maksimycha
588,Vardo,NO,27.3,light snow,70.3705,31.1107,Vard√∏ Hotel AS
589,Skjervoy,NO,24.13,overcast clouds,70.0311,20.9714,Skjerv√∏y fiskecamp AS
590,Madison,US,54.28,broken clouds,34.7334,-86.5667,Embassy Suites by Hilton Huntsville Hotel & Spa
591,La Rioja,ES,38.05,broken clouds,42.25,-2.5,Casa Concejos
592,Englewood,US,52.41,scattered clouds,39.6478,-104.9878,InTown Suites Extended Stay Denver CO - Englewood
594,Meadow Lake,US,55.17,scattered clouds,34.8014,-106.5436,TumbleWeed RV Park
595,Hofn,IS,32.23,broken clouds,64.2539,-15.2082,H√≥tel H√∂fn
596,Izazi,TZ,66.38,overcast clouds,-7.2,35.7333,
597,Barquisimeto,VE,66.69,clear sky,10.0739,-69.3228,Hotel Pr√≠ncipe
598,Surazh,RU,30.79,overcast clouds,53.0175,32.3918,Mini Hotel Surazhichi
599,Bastrop,US,60.48,overcast clouds,32.7562,-91.8724,Best Budget Inn
600,Simao,CN,50.54,overcast clouds,22.7886,100.9748,Changyu Hotel
601,Hobyo,SO,75.74,broken clouds,5.3505,48.5268,Halane Hotel and Restaurent
602,Gamba,GA,78.21,light rain,-2.65,10.0,
603,Lundamo,NO,30.87,overcast clouds,63.1333,10.3,Vald√∏yan Camping
604,Holguin,CU,72.9,few clouds,20.8872,-76.2631,Casa Cables. Holgu√≠n
605,Aksu,CN,28.47,clear sky,41.1231,80.2644,Pudong Holiday Hotel
607,Piet Retief,ZA,61.63,broken clouds,-27.0071,30.8132,Arabian Nite Guest House
608,Katangli,RU,13.86,light snow,51.7102,143.2326,
609,Mount Vernon,US,35.01,clear sky,40.9126,-73.8371,Ramada by Wyndham Bronx
610,Dhidhdhoo,MV,81.75,broken clouds,6.8833,73.1,Dhidhoo beach
611,Pindiga,NG,66.24,scattered clouds,9.9833,10.9333,Accommodation Center
612,Andenes,NO,22.98,broken clouds,69.3143,16.1194,Hotell Marena
613,Knysna,ZA,64.78,few clouds,-34.0363,23.0471,Protea Hotel by Marriott Knysna Quays
614,Portobelo,PA,77.86,few clouds,9.55,-79.65,Scuba Portobelo
615,Pareora,NZ,69.19,few clouds,-44.4871,171.2132,
616,Basirpur,PK,50.63,clear sky,30.5832,73.829,Lugoo goods
618,Maykor,RU,30.56,overcast clouds,59.0059,55.88,
619,Port Macquarie,AU,85.96,scattered clouds,-31.4333,152.9167,Rydges Port Macquarie
620,Svetlogorsk,BY,34.0,overcast clouds,52.6333,29.7333,Hotel Svetlogorsk JBIK
621,Svetlyy,RU,42.85,light rain,54.675,20.1347,"Gostinitsa-Kafe, Alena"
624,Soe,ID,77.77,overcast clouds,-9.8607,124.284,Dena Hotel
625,Utinga,BR,81.0,light rain,-5.8172,-35.3954,Espa√ßo de Lazer √ârica Fernandes
626,Cradock,ZA,59.31,clear sky,-32.1642,25.6192,Die Hoekhuis
627,Dong Hoi,VN,54.19,moderate rain,17.4833,106.6,Nam Long Hotel
628,Goure,NE,59.77,clear sky,13.9835,10.2704,
629,Zastron,ZA,58.35,clear sky,-30.3023,27.084,Highlands Guest House
630,Shache,CN,28.71,clear sky,38.4167,77.2406,Delong Hotel
631,Cockburn Town,TC,76.96,clear sky,21.4612,-71.1419,Osprey Beach Hotel
632,Olga,RU,16.61,clear sky,43.7444,135.2892,Gostinitsa Rosmorport.
633,Puerto Leguizamo,CO,78.66,overcast clouds,-0.1934,-74.7819,la casona de juancho
634,Malakal,SS,74.91,broken clouds,9.5334,31.6605,Nile Palace Hotel
635,Coihaique,CL,53.55,clear sky,-45.5752,-72.0662,Diego De Almagro Coyhaique
636,Baghdad,IQ,51.71,clear sky,33.3406,44.4009,Baghdad Hotel
637,Trail,CA,35.38,broken clouds,49.0998,-117.7022,Glenwood Inn & Suites
638,Jaruco,CU,72.73,clear sky,23.0431,-82.0108,Ruinas Hotel Escaleras de Jaruco
639,Pemangkat,ID,79.5,overcast clouds,1.1667,108.9667,Ramah Kost KITA
640,Pandamatenga,BW,65.75,clear sky,-18.5278,25.627,Wildtrack Safaris Eco Lodge
641,Buala,SB,84.45,moderate rain,-8.145,159.5921,Maringe Lagoon Lodge
642,Samarai,PG,86.54,overcast clouds,-10.6167,150.6667,Nuli Sapi
644,Ituporanga,BR,73.53,overcast clouds,-27.4144,-49.6025,Hotel Jacar√©
645,Jacareacanga,BR,72.39,light rain,-6.2222,-57.7528,Casa do Ianüòé
646,Komsomolskiy,UZ,36.82,broken clouds,40.4272,71.7189,Ikathouse
647,Rio Gallegos,AR,50.05,clear sky,-51.6226,-69.2181,Hotel Santa Cruz
648,Emporia,US,46.6,clear sky,38.4039,-96.1817,Candlewood Suites Emporia
649,Pacora,PA,79.21,few clouds,9.0833,-79.2833,Residencia Los A√±os Dorados
650,Uchiza,PE,71.31,heavy intensity rain,-8.4592,-76.4633,Hotel San Pedro
651,Sanlucar De Barrameda,ES,52.36,clear sky,36.7781,-6.3515,HOTEL BARRAMEDA
652,Sabha,LY,58.1,overcast clouds,27.0377,14.4283,Foundation Taaj Asala for Historical Research and Archeology
653,Wladyslawowo,PL,45.95,light rain,54.7909,18.4009,Gwiazda Morza Resort SPA&SPORT
654,Naze,JP,50.92,overcast clouds,28.3667,129.4833,Shishime Hotel
655,Pangkalanbuun,ID,82.24,overcast clouds,-2.6833,111.6167,Grand Kecubung Hotel
656,Tucurui,BR,74.32,light rain,-3.7661,-49.6725,BBB Rooms Centro Tucurui PA
657,Gabu,GW,71.78,clear sky,12.2833,-14.2167,Hotel karsa
658,Nizwa,OM,64.78,clear sky,22.9333,57.5333,Orient Apartments
659,Hoquiam,US,45.0,broken clouds,46.9809,-123.8893,Econo Lodge Inn & Suites
660,Bilma,NE,61.65,clear sky,18.6853,12.9164,Expeditions T√©n√©re voyages
661,Micheweni,TZ,79.52,overcast clouds,-4.9667,39.8333,
662,Gizo,SB,85.95,overcast clouds,-8.103,156.8419,Imagination Island
663,Abu Samrah,SY,49.64,broken clouds,35.3029,37.1841,
664,Yashkul,RU,43.9,overcast clouds,46.1711,45.3435,"Gostinitsa ""Putnik"""
666,Scarborough,GB,41.52,few clouds,54.2797,-0.4044,The Grand Hotel Scarborough
667,Muli,MV,81.25,broken clouds,2.9167,73.5667,Medhufushi Island Resort
668,Camocim,BR,77.31,broken clouds,-2.9022,-40.8411,Ilha Praia Hotel
669,Pyinmana,MM,71.58,overcast clouds,19.7333,96.2167,Anh Mai Daung
670,Barillas,GT,66.54,few clouds,15.8036,-91.3158,Hotel y Restaurant Bella Estancia
671,Porbandar,IN,69.96,clear sky,21.6422,69.6093,Lords Inn Porbandar
672,Lucea,JM,78.66,clear sky,18.451,-78.1736,Grand Palladium Jamaica Resort & Spa
673,Mikuni,JP,33.71,light snow,36.2171,136.1519,Seifuso
674,North Reading,US,31.01,clear sky,42.5751,-71.0787,Resorts North
675,Ilinskiy,RU,32.77,clear sky,55.619,38.1182,Around the world
676,Norcasia,CO,69.8,broken clouds,5.5778,-74.8852,Hotel Amani
677,Ler,SS,77.09,overcast clouds,8.3018,30.1418,
678,Masallatah,LY,54.19,broken clouds,32.6167,14.0,Mustafa Taher Sowaidan
679,Chipinge,ZW,64.36,few clouds,-20.1883,32.6236,Chipinge Breeze Lodge
680,Saldanha,ZA,66.25,few clouds,-33.0117,17.9442,Blue Bay Lodge
681,Brae,GB,40.91,few clouds,60.3964,-1.353,Busta House Hotel
682,Bogovina,RS,33.04,clear sky,43.895,21.9403,Casa Camelia
683,Watsa,CD,60.85,overcast clouds,3.0372,29.5355,H√¥tel Le Pacifique
684,Kizukuri,JP,26.11,light snow,40.8061,140.3861,Kashiwa Roman-s≈ç
685,Tymovskoye,RU,13.3,light snow,50.8456,142.655,"Gostinitsa ""Domashnyaya"""
686,Half Moon Bay,US,55.9,mist,37.4636,-122.4286,"The Ritz-Carlton, Half Moon Bay"
687,Bontang,ID,76.48,light rain,0.1333,117.5,KOPKAR Hotel Bintang Sintuk
688,Zaranj,AF,53.56,overcast clouds,30.9667,61.8833,⁄©ÿßÿ±⁄ØÿßŸá ÿ®ŸÑŸà⁄© ÿ≤ŸÜ€å ÿ≥ÿ±ŸáŸÜ⁄Ø
689,Ketchikan,US,40.98,scattered clouds,55.3422,-131.6461,Snow's Cove Lodge
690,Valmiera,LV,31.41,overcast clouds,57.5411,25.4275,Sports Hotel
691,Taozhuang,CN,38.84,overcast clouds,34.85,117.3333,New Century Fengming Resort Zaozhuang
692,Maceio,BR,76.44,scattered clouds,-9.6658,-35.7353,Hotel Ponta Verde Macei√≥
693,Den Helder,NL,43.02,broken clouds,52.9599,4.7593,Hotel Den Helder
694,Wenling,CN,42.91,overcast clouds,28.3669,121.36,Hanting Express Wenling Wanchang North Road
695,Alausi,EC,49.8,overcast clouds,-2.2,-78.8333,Hotel Europa
696,Mahajanga,MG,78.82,few clouds,-15.7167,46.3167,Restaurant Greedy Coco Lodge Majunga
697,Mingguang,CN,41.83,broken clouds,32.7802,117.9638,Yonghao Hotel
